{"cameraMode":{"drawMode":0,"name":"Shaded","section":"Shading Mode"},"sceneLighting":true,"audioPlay":false,"sceneViewState":{"showFog":true,"showMaterialUpdate":false,"showSkybox":true,"showFlares":true,"showImageEffects":true,"showParticleSystems":true,"showVisualEffectGraphs":true,"m_FxEnabled":true},"in2DMode":false,"pivot":{"x":293.51824951171877,"y":345.9788818359375,"z":13.82830810546875},"rotation":{"x":0.09156839549541474,"y":-0.049276359379291537,"z":0.004536888562142849,"w":0.994566798210144},"size":358.5645751953125,"orthographic":false}