{"cameraMode":{"drawMode":0,"name":"Shaded","section":"Shading Mode"},"sceneLighting":true,"audioPlay":false,"sceneViewState":{"showFog":true,"showMaterialUpdate":false,"showSkybox":true,"showFlares":true,"showImageEffects":true,"showParticleSystems":true,"showVisualEffectGraphs":true,"m_FxEnabled":true},"in2DMode":false,"pivot":{"x":-20.74814796447754,"y":0.9142715930938721,"z":-4.746668338775635},"rotation":{"x":0.010397379286587239,"y":-0.7206788659095764,"z":0.010810992680490017,"w":0.6931065320968628},"size":1.4142671823501588,"orthographic":false}